﻿{
    "ReRoutes": [
        {
            "DownstreamPathTemplate": "/api/values",
            "DownstreamScheme": "http",
            "UpstreamPathTemplate": "/a",
            "UseServiceDiscovery": true,
            "ServiceName": "service-a",
            "UpstreamHttpMethod": [ "Get" ],
            "QoSOptions": {
                "ExceptionsAllowedBeforeBreaking": 3,
                "DurationOfBreak": 1000,
                "TimeoutValue": 5000
            },
            "FileCacheOptions": { "TtlSeconds": 15 },
            "LoadBalancerOptions": {
                "Type": "RoundRobin"
            }
        },
        {
            "DownstreamPathTemplate": "/api/values",
            "DownstreamScheme": "http",
            "UpstreamPathTemplate": "/b",
            "UseServiceDiscovery": true,
            "ServiceName": "service-b",
            "UpstreamHttpMethod": [ "Get" ],
            "QoSOptions": {
                "ExceptionsAllowedBeforeBreaking": 3,
                "DurationOfBreak": 1000,
                "TimeoutValue": 5000
            },
            "FileCacheOptions": { "TtlSeconds": 15 }
        }
    ],
    "GlobalConfiguration": {
        "RequestIdKey": "OcRequestId",
        "AdministrationPath": "/administration",
        "ServiceDiscoveryProvider": { "Type": "Eureka" }
    }
}