﻿{
  "ReRoutes": [
    {
      "DownstreamPathTemplate": "/api/values",
      "DownstreamScheme": "http",
      "DownstreamHostAndPorts": [
        {
          "Host": "localhost",
          "Port": 9001
        },
        {
          "Host": "localhost",
          "Port": 9002
        },
        {
          "Host": "localhost",
          "Port": 9001
        }
      ],
      "UpstreamPathTemplate": "/",
      "LoadBalancer": "RoundRobin",
      //"LoadBalancer": "LeastConnection",
      "UpstreamHttpMethod": [ "Get" ]
    }    
  ],
  "GlobalConfiguration": {
    "RequestIdKey": "OcRequestId",
    "AdministrationPath": "/administration"
  }
}