﻿{
  "ReRoutes": [
    {
      "DownstreamPathTemplate": "/api/values",
      "DownstreamScheme": "http",
      "DownstreamHostAndPorts": [
        {
          "Host": "localhost",
          "Port": 9001
        }
      ],
      "UpstreamPathTemplate": "/customers",
      "UpstreamHttpMethod": [ "Get" ],
      "QoSOptions": {
        "ExceptionsAllowedBeforeBreaking":2,
        "DurationOfBreak":5000,
        "TimeoutValue":2000
      }
    },
    {
      "DownstreamPathTemplate": "/api/values/{id}",
      "DownstreamScheme": "http",
      "DownstreamHostAndPorts": [
        {
          "Host": "localhost",
          "Port": 9001
        }
      ],
      "UpstreamPathTemplate": "/customers/{id}",
      "UpstreamHttpMethod": [ "Get" ]
    }
  ],
  "GlobalConfiguration": {
    "RequestIdKey": "OcRequestId",
    "AdministrationPath": "/administration"   
  }
}