﻿{
    "ReRoutes": [
        {
            "DownstreamPathTemplate": "/api/customers",
            "DownstreamScheme": "http",
            "DownstreamHost": "localhost",
            "DownstreamPort": 9001,
            "UpstreamPathTemplate": "/customers",
            "UpstreamHttpMethod": [ "Get" ],
            "AuthenticationOptions": {
                "AuthenticationProviderKey": "TestKey",
                "AllowedScopes": []
            }
        },
        {
            "DownstreamPathTemplate": "/api/customers/{id}",
            "DownstreamScheme": "http",
            "DownstreamHost": "localhost",
            "DownstreamPort": 9001,
            "UpstreamPathTemplate": "/customers/{id}",
            "UpstreamHttpMethod": [ "Get" ]
        },
        {
            "DownstreamPathTemplate": "/api/auth",
            "DownstreamScheme": "http",
            "DownstreamHost": "localhost",
            "DownstreamPort": 9009,
            "UpstreamPathTemplate": "/api/auth",
            "UpstreamHttpMethod": [ "Get" ]
        }
    ],
    "GlobalConfiguration": {
        "RequestIdKey": "OcRequestId",
        "AdministrationPath": "/administration"
    }
}